"Step","CartPole_Comparison_10_4 - rollout/ep_rew_mean","CartPole_Comparison_10_4 - rollout/ep_rew_mean__MIN","CartPole_Comparison_10_4 - rollout/ep_rew_mean__MAX","CartPole_Comparison_10_3 - rollout/ep_rew_mean","CartPole_Comparison_10_3 - rollout/ep_rew_mean__MIN","CartPole_Comparison_10_3 - rollout/ep_rew_mean__MAX","CartPole_Comparison_10_2 - rollout/ep_rew_mean","CartPole_Comparison_10_2 - rollout/ep_rew_mean__MIN","CartPole_Comparison_10_2 - rollout/ep_rew_mean__MAX","CartPole_Comparison_10_1 - rollout/ep_rew_mean","CartPole_Comparison_10_1 - rollout/ep_rew_mean__MIN","CartPole_Comparison_10_1 - rollout/ep_rew_mean__MAX","CartPole_Comparison_10_0 - rollout/ep_rew_mean","CartPole_Comparison_10_0 - rollout/ep_rew_mean__MIN","CartPole_Comparison_10_0 - rollout/ep_rew_mean__MAX"
"0","49.25","49.25","49.25","27.5","27.5","27.5","31.5","31.5","31.5","28","28","28","31.25","31.25","31.25"
"1","47","47","47","43.125","43.125","43.125","25.625","25.625","25.625","35.875","35.875","35.875","24.625","24.625","24.625"
"2","40.58333206176758","40.58333206176758","40.58333206176758","45.91666793823242","45.91666793823242","45.91666793823242","21.16666603088379","21.16666603088379","21.16666603088379","29.91666603088379","29.91666603088379","29.91666603088379","25.41666603088379","25.41666603088379","25.41666603088379"
"3","37.1875","37.1875","37.1875","46.125","46.125","46.125","21.875","21.875","21.875","31.8125","31.8125","31.8125","22.8125","22.8125","22.8125"
"4","34.20000076293945","34.20000076293945","34.20000076293945","42.45000076293945","42.45000076293945","42.45000076293945","20.100000381469727","20.100000381469727","20.100000381469727","28.899999618530273","28.899999618530273","28.899999618530273","21.399999618530273","21.399999618530273","21.399999618530273"
"5","31","31","31","42.83333206176758","42.83333206176758","42.83333206176758","18.45833396911621","18.45833396911621","18.45833396911621","27.375","27.375","27.375","19.95833396911621","19.95833396911621","19.95833396911621"
"6","28.5","28.5","28.5","43.82143020629883","43.82143020629883","43.82143020629883","17.5","17.5","17.5","26.821428298950195","26.821428298950195","26.821428298950195","19.35714340209961","19.35714340209961","19.35714340209961"
"7","26.875","26.875","26.875","42.125","42.125","42.125","16.4375","16.4375","16.4375","25.375","25.375","25.375","18.5625","18.5625","18.5625"
"8","25.69444465637207","25.69444465637207","25.69444465637207","39.55555725097656","39.55555725097656","39.55555725097656","15.583333015441895","15.583333015441895","15.583333015441895","24.36111068725586","24.36111068725586","24.36111068725586","17.80555534362793","17.80555534362793","17.80555534362793"
"9","25.649999618530273","25.649999618530273","25.649999618530273","38.54999923706055","38.54999923706055","38.54999923706055","14.800000190734863","14.800000190734863","14.800000190734863","23.774999618530273","23.774999618530273","23.774999618530273","18.325000762939453","18.325000762939453","18.325000762939453"
"10","26.600000381469727","26.600000381469727","26.600000381469727","37.377777099609375","37.377777099609375","37.377777099609375","14.088889122009277","14.088889122009277","14.088889122009277","23.066667556762695","23.066667556762695","23.066667556762695","18.53333282470703","18.53333282470703","18.53333282470703"
"11","26.693878173828125","26.693878173828125","26.693878173828125","38.979591369628906","38.979591369628906","38.979591369628906","13.63265323638916","13.63265323638916","13.63265323638916","22.67346954345703","22.67346954345703","22.67346954345703","18.26530647277832","18.26530647277832","18.26530647277832"
"12","27.245283126831055","27.245283126831055","27.245283126831055","38.79245376586914","38.79245376586914","38.79245376586914","13.245283126831055","13.245283126831055","13.245283126831055","22.49056625366211","22.49056625366211","22.49056625366211","18.830188751220703","18.830188751220703","18.830188751220703"
"13","27.070175170898438","27.070175170898438","27.070175170898438","38.140350341796875","38.140350341796875","38.140350341796875","12.894737243652344","12.894737243652344","12.894737243652344","22.421052932739258","22.421052932739258","22.421052932739258","19.36842155456543","19.36842155456543","19.36842155456543"
"14","26.704917907714844","26.704917907714844","26.704917907714844","37.59016418457031","37.59016418457031","37.59016418457031","12.622950553894043","12.622950553894043","12.622950553894043","22.295082092285156","22.295082092285156","22.295082092285156","20.295082092285156","20.295082092285156","20.295082092285156"
"15","26.399999618530273","26.399999618530273","26.399999618530273","36.86153793334961","36.86153793334961","36.86153793334961","12.399999618530273","12.399999618530273","12.399999618530273","22.076923370361328","22.076923370361328","22.076923370361328","20.461538314819336","20.461538314819336","20.461538314819336"
"16","26","26","26","36.31884002685547","36.31884002685547","36.31884002685547","12.188405990600586","12.188405990600586","12.188405990600586","21.898550033569336","21.898550033569336","21.898550033569336","20.579710006713867","20.579710006713867","20.579710006713867"
"17","25.75342559814453","25.75342559814453","25.75342559814453","35.75342559814453","35.75342559814453","35.75342559814453","12","12","12","21.79452133178711","21.79452133178711","21.79452133178711","20.397260665893555","20.397260665893555","20.397260665893555"
"18","25.454545974731445","25.454545974731445","25.454545974731445","35.1298713684082","35.1298713684082","35.1298713684082","11.805194854736328","11.805194854736328","11.805194854736328","21.610389709472656","21.610389709472656","21.610389709472656","20.428571701049805","20.428571701049805","20.428571701049805"
"19","25.30864143371582","25.30864143371582","25.30864143371582","34.320987701416016","34.320987701416016","34.320987701416016","11.617283821105957","11.617283821105957","11.617283821105957","21.55555534362793","21.55555534362793","21.55555534362793","20.469135284423828","20.469135284423828","20.469135284423828"
"20","25.081396102905273","25.081396102905273","25.081396102905273","33.63953399658203","33.63953399658203","33.63953399658203","11.418604850769043","11.418604850769043","11.418604850769043","21.488372802734375","21.488372802734375","21.488372802734375","20.081396102905273","20.081396102905273","20.081396102905273"
"21","24.700000762939453","24.700000762939453","24.700000762939453","33.33333206176758","33.33333206176758","33.33333206176758","11.277777671813965","11.277777671813965","11.277777671813965","21.455554962158203","21.455554962158203","21.455554962158203","20.03333282470703","20.03333282470703","20.03333282470703"
"22","24.43617057800293","24.43617057800293","24.43617057800293","33.10638427734375","33.10638427734375","33.10638427734375","11.244680404663086","11.244680404663086","11.244680404663086","21.4255313873291","21.4255313873291","21.4255313873291","19.893617630004883","19.893617630004883","19.893617630004883"
"23","24.132652282714844","24.132652282714844","24.132652282714844","32.73469543457031","32.73469543457031","32.73469543457031","11.244897842407227","11.244897842407227","11.244897842407227","21.35714340209961","21.35714340209961","21.35714340209961","19.85714340209961","19.85714340209961","19.85714340209961"
"24","23.079999923706055","23.079999923706055","23.079999923706055","32.47999954223633","32.47999954223633","32.47999954223633","10.8100004196167","10.8100004196167","10.8100004196167","21.1299991607666","21.1299991607666","21.1299991607666","20.010000228881836","20.010000228881836","20.010000228881836"
"25","22.559999465942383","22.559999465942383","22.559999465942383","32.18000030517578","32.18000030517578","32.18000030517578","10.199999809265137","10.199999809265137","10.199999809265137","20.549999237060547","20.549999237060547","20.549999237060547","19.670000076293945","19.670000076293945","19.670000076293945"
"26","21.360000610351562","21.360000610351562","21.360000610351562","30.56999969482422","30.56999969482422","30.56999969482422","9.949999809265137","9.949999809265137","9.949999809265137","19.93000030517578","19.93000030517578","19.93000030517578","19.600000381469727","19.600000381469727","19.600000381469727"
"27","20.84000015258789","20.84000015258789","20.84000015258789","29.860000610351562","29.860000610351562","29.860000610351562","9.350000381469727","9.350000381469727","9.350000381469727","19.6200008392334","19.6200008392334","19.6200008392334","19.59000015258789","19.59000015258789","19.59000015258789"
"28","20.450000762939453","20.450000762939453","20.450000762939453","29.420000076293945","29.420000076293945","29.420000076293945","9.140000343322754","9.140000343322754","9.140000343322754","19.1299991607666","19.1299991607666","19.1299991607666","19.8700008392334","19.8700008392334","19.8700008392334"
"29","20.5","20.5","20.5","28.8799991607666","28.8799991607666","28.8799991607666","8.949999809265137","8.949999809265137","8.949999809265137","19.06999969482422","19.06999969482422","19.06999969482422","19.899999618530273","19.899999618530273","19.899999618530273"
"30","20.540000915527344","20.540000915527344","20.540000915527344","28.219999313354492","28.219999313354492","28.219999313354492","8.890000343322754","8.890000343322754","8.890000343322754","18.84000015258789","18.84000015258789","18.84000015258789","21.139999389648438","21.139999389648438","21.139999389648438"
"31","20.75","20.75","20.75","27.829999923706055","27.829999923706055","27.829999923706055","8.859999656677246","8.859999656677246","8.859999656677246","18.950000762939453","18.950000762939453","18.950000762939453","21.290000915527344","21.290000915527344","21.290000915527344"
"32","20.809999465942383","20.809999465942383","20.809999465942383","27.799999237060547","27.799999237060547","27.799999237060547","8.8100004196167","8.8100004196167","8.8100004196167","19.010000228881836","19.010000228881836","19.010000228881836","21.579999923706055","21.579999923706055","21.579999923706055"
"33","20.579999923706055","20.579999923706055","20.579999923706055","28.110000610351562","28.110000610351562","28.110000610351562","8.819999694824219","8.819999694824219","8.819999694824219","19.020000457763672","19.020000457763672","19.020000457763672","21.799999237060547","21.799999237060547","21.799999237060547"
"34","19.920000076293945","19.920000076293945","19.920000076293945","27.950000762939453","27.950000762939453","27.950000762939453","8.829999923706055","8.829999923706055","8.829999923706055","18.950000762939453","18.950000762939453","18.950000762939453","21.360000610351562","21.360000610351562","21.360000610351562"
"35","19.559999465942383","19.559999465942383","19.559999465942383","27.84000015258789","27.84000015258789","27.84000015258789","8.850000381469727","8.850000381469727","8.850000381469727","18.950000762939453","18.950000762939453","18.950000762939453","21.5","21.5","21.5"
"36","18.940000534057617","18.940000534057617","18.940000534057617","27.010000228881836","27.010000228881836","27.010000228881836","8.800000190734863","8.800000190734863","8.800000190734863","18.920000076293945","18.920000076293945","18.920000076293945","21.59000015258789","21.59000015258789","21.59000015258789"
"37","18.540000915527344","18.540000915527344","18.540000915527344","26.399999618530273","26.399999618530273","26.399999618530273","8.789999961853027","8.789999961853027","8.789999961853027","18.670000076293945","18.670000076293945","18.670000076293945","21.760000228881836","21.760000228881836","21.760000228881836"
"38","18.219999313354492","18.219999313354492","18.219999313354492","26.3700008392334","26.3700008392334","26.3700008392334","8.819999694824219","8.819999694824219","8.819999694824219","18.469999313354492","18.469999313354492","18.469999313354492","22","22","22"
"39","18.040000915527344","18.040000915527344","18.040000915527344","26.6299991607666","26.6299991607666","26.6299991607666","8.850000381469727","8.850000381469727","8.850000381469727","18.389999389648438","18.389999389648438","18.389999389648438","21.579999923706055","21.579999923706055","21.579999923706055"
"40","17.760000228881836","17.760000228881836","17.760000228881836","26.809999465942383","26.809999465942383","26.809999465942383","8.869999885559082","8.869999885559082","8.869999885559082","18.209999084472656","18.209999084472656","18.209999084472656","22.34000015258789","22.34000015258789","22.34000015258789"
"41","17.6200008392334","17.6200008392334","17.6200008392334","26.979999542236328","26.979999542236328","26.979999542236328","8.899999618530273","8.899999618530273","8.899999618530273","18.020000457763672","18.020000457763672","18.020000457763672","23.579999923706055","23.579999923706055","23.579999923706055"
"42","17.34000015258789","17.34000015258789","17.34000015258789","26.90999984741211","26.90999984741211","26.90999984741211","8.949999809265137","8.949999809265137","8.949999809265137","17.959999084472656","17.959999084472656","17.959999084472656","24.040000915527344","24.040000915527344","24.040000915527344"
"43","17.100000381469727","17.100000381469727","17.100000381469727","27.190000534057617","27.190000534057617","27.190000534057617","8.989999771118164","8.989999771118164","8.989999771118164","17.84000015258789","17.84000015258789","17.84000015258789","24.649999618530273","24.649999618530273","24.649999618530273"
"44","16.850000381469727","16.850000381469727","16.850000381469727","27.43000030517578","27.43000030517578","27.43000030517578","9.010000228881836","9.010000228881836","9.010000228881836","17.600000381469727","17.600000381469727","17.600000381469727","25.520000457763672","25.520000457763672","25.520000457763672"
"45","16.729999542236328","16.729999542236328","16.729999542236328","27.579999923706055","27.579999923706055","27.579999923706055","9.010000228881836","9.010000228881836","9.010000228881836","17.530000686645508","17.530000686645508","17.530000686645508","25.84000015258789","25.84000015258789","25.84000015258789"
"46","16.6200008392334","16.6200008392334","16.6200008392334","27.75","27.75","27.75","9.029999732971191","9.029999732971191","9.029999732971191","17.309999465942383","17.309999465942383","17.309999465942383","27.93000030517578","27.93000030517578","27.93000030517578"
"47","16.540000915527344","16.540000915527344","16.540000915527344","27.90999984741211","27.90999984741211","27.90999984741211","8.899999618530273","8.899999618530273","8.899999618530273","17.15999984741211","17.15999984741211","17.15999984741211","29.25","29.25","29.25"
"48","16.5","16.5","16.5","28.399999618530273","28.399999618530273","28.399999618530273","8.869999885559082","8.869999885559082","8.869999885559082","17.06999969482422","17.06999969482422","17.06999969482422","31.459999084472656","31.459999084472656","31.459999084472656"
"49","16.420000076293945","16.420000076293945","16.420000076293945","28.65999984741211","28.65999984741211","28.65999984741211","8.8100004196167","8.8100004196167","8.8100004196167","16.959999084472656","16.959999084472656","16.959999084472656","32.41999816894531","32.41999816894531","32.41999816894531"
"50","16.3700008392334","16.3700008392334","16.3700008392334","29.290000915527344","29.290000915527344","29.290000915527344","8.680000305175781","8.680000305175781","8.680000305175781","17.110000610351562","17.110000610351562","17.110000610351562","33.15999984741211","33.15999984741211","33.15999984741211"
"51","16.170000076293945","16.170000076293945","16.170000076293945","29.68000030517578","29.68000030517578","29.68000030517578","8.619999885559082","8.619999885559082","8.619999885559082","17.18000030517578","17.18000030517578","17.18000030517578","37.13999938964844","37.13999938964844","37.13999938964844"
"52","16.1200008392334","16.1200008392334","16.1200008392334","29.860000610351562","29.860000610351562","29.860000610351562","8.59000015258789","8.59000015258789","8.59000015258789","17.1299991607666","17.1299991607666","17.1299991607666","39.040000915527344","39.040000915527344","39.040000915527344"
"53","16.059999465942383","16.059999465942383","16.059999465942383","30.06999969482422","30.06999969482422","30.06999969482422","8.569999694824219","8.569999694824219","8.569999694824219","17.06999969482422","17.06999969482422","17.06999969482422","42.16999816894531","42.16999816894531","42.16999816894531"
"54","16.040000915527344","16.040000915527344","16.040000915527344","30.190000534057617","30.190000534057617","30.190000534057617","8.529999732971191","8.529999732971191","8.529999732971191","17.020000457763672","17.020000457763672","17.020000457763672","45.20000076293945","45.20000076293945","45.20000076293945"
"55","15.930000305175781","15.930000305175781","15.930000305175781","30.600000381469727","30.600000381469727","30.600000381469727","8.460000038146973","8.460000038146973","8.460000038146973","17.020000457763672","17.020000457763672","17.020000457763672","48.939998626708984","48.939998626708984","48.939998626708984"
"56","15.710000038146973","15.710000038146973","15.710000038146973","30.860000610351562","30.860000610351562","30.860000610351562","8.460000038146973","8.460000038146973","8.460000038146973","16.8799991607666","16.8799991607666","16.8799991607666","53.38999938964844","53.38999938964844","53.38999938964844"
"57","15.619999885559082","15.619999885559082","15.619999885559082","31.260000228881836","31.260000228881836","31.260000228881836","8.510000228881836","8.510000228881836","8.510000228881836","16.860000610351562","16.860000610351562","16.860000610351562","56.349998474121094","56.349998474121094","56.349998474121094"
"58","15.420000076293945","15.420000076293945","15.420000076293945","31.350000381469727","31.350000381469727","31.350000381469727","8.449999809265137","8.449999809265137","8.449999809265137","16.84000015258789","16.84000015258789","16.84000015258789","59.79999923706055","59.79999923706055","59.79999923706055"
"59","15.300000190734863","15.300000190734863","15.300000190734863","31.5","31.5","31.5","8.470000267028809","8.470000267028809","8.470000267028809","16.829999923706055","16.829999923706055","16.829999923706055","65.30999755859375","65.30999755859375","65.30999755859375"
"60","15.1899995803833","15.1899995803833","15.1899995803833","31.600000381469727","31.600000381469727","31.600000381469727","8.489999771118164","8.489999771118164","8.489999771118164","16.709999084472656","16.709999084472656","16.709999084472656","72.41999816894531","72.41999816894531","72.41999816894531"
"61","15.069999694824219","15.069999694824219","15.069999694824219","31.6299991607666","31.6299991607666","31.6299991607666","8.5","8.5","8.5","16.690000534057617","16.690000534057617","16.690000534057617","79.55000305175781","79.55000305175781","79.55000305175781"
"62","15.050000190734863","15.050000190734863","15.050000190734863","31.81999969482422","31.81999969482422","31.81999969482422","8.449999809265137","8.449999809265137","8.449999809265137","16.75","16.75","16.75","89.54000091552734","89.54000091552734","89.54000091552734"
"63","15.050000190734863","15.050000190734863","15.050000190734863","31.610000610351562","31.610000610351562","31.610000610351562","8.420000076293945","8.420000076293945","8.420000076293945","16.780000686645508","16.780000686645508","16.780000686645508","94.31999969482422","94.31999969482422","94.31999969482422"
"64","15.079999923706055","15.079999923706055","15.079999923706055","31.719999313354492","31.719999313354492","31.719999313354492","8.390000343322754","8.390000343322754","8.390000343322754","16.809999465942383","16.809999465942383","16.809999465942383","97.66000366210938","97.66000366210938","97.66000366210938"
"65","14.989999771118164","14.989999771118164","14.989999771118164","32.02000045776367","32.02000045776367","32.02000045776367","8.350000381469727","8.350000381469727","8.350000381469727","16.790000915527344","16.790000915527344","16.790000915527344","101.13999938964844","101.13999938964844","101.13999938964844"
"66","15.039999961853027","15.039999961853027","15.039999961853027","32.220001220703125","32.220001220703125","32.220001220703125","8.359999656677246","8.359999656677246","8.359999656677246","16.770000457763672","16.770000457763672","16.770000457763672","106.12999725341797","106.12999725341797","106.12999725341797"
"67","15","15","15","32.68000030517578","32.68000030517578","32.68000030517578","8.34000015258789","8.34000015258789","8.34000015258789","16.860000610351562","16.860000610351562","16.860000610351562","113.8499984741211","113.8499984741211","113.8499984741211"
"68","14.979999542236328","14.979999542236328","14.979999542236328","33","33","33","8.300000190734863","8.300000190734863","8.300000190734863","16.809999465942383","16.809999465942383","16.809999465942383","123.05000305175781","123.05000305175781","123.05000305175781"
"69","14.960000038146973","14.960000038146973","14.960000038146973","33.13999938964844","33.13999938964844","33.13999938964844","8.300000190734863","8.300000190734863","8.300000190734863","16.760000228881836","16.760000228881836","16.760000228881836","134.77999877929688","134.77999877929688","134.77999877929688"
"70","14.989999771118164","14.989999771118164","14.989999771118164","33.34000015258789","33.34000015258789","33.34000015258789","8.279999732971191","8.279999732971191","8.279999732971191","16.729999542236328","16.729999542236328","16.729999542236328","146.08999633789062","146.08999633789062","146.08999633789062"
"71","14.930000305175781","14.930000305175781","14.930000305175781","33.459999084472656","33.459999084472656","33.459999084472656","8.239999771118164","8.239999771118164","8.239999771118164","16.700000762939453","16.700000762939453","16.700000762939453","154.57000732421875","154.57000732421875","154.57000732421875"
"72","14.829999923706055","14.829999923706055","14.829999923706055","33.22999954223633","33.22999954223633","33.22999954223633","8.239999771118164","8.239999771118164","8.239999771118164","16.729999542236328","16.729999542236328","16.729999542236328","169.57000732421875","169.57000732421875","169.57000732421875"
"73","14.770000457763672","14.770000457763672","14.770000457763672","32.779998779296875","32.779998779296875","32.779998779296875","8.25","8.25","8.25","16.59000015258789","16.59000015258789","16.59000015258789","180.42999267578125","180.42999267578125","180.42999267578125"
"74","14.680000305175781","14.680000305175781","14.680000305175781","32.470001220703125","32.470001220703125","32.470001220703125","8.270000457763672","8.270000457763672","8.270000457763672","16.270000457763672","16.270000457763672","16.270000457763672","186.9600067138672","186.9600067138672","186.9600067138672"
"75","14.640000343322754","14.640000343322754","14.640000343322754","32.38999938964844","32.38999938964844","32.38999938964844","8.300000190734863","8.300000190734863","8.300000190734863","16.149999618530273","16.149999618530273","16.149999618530273","195.14999389648438","195.14999389648438","195.14999389648438"
"76","14.630000114440918","14.630000114440918","14.630000114440918","32.470001220703125","32.470001220703125","32.470001220703125","8.329999923706055","8.329999923706055","8.329999923706055","15.979999542236328","15.979999542236328","15.979999542236328","201.6300048828125","201.6300048828125","201.6300048828125"
"77","14.520000457763672","14.520000457763672","14.520000457763672","32.720001220703125","32.720001220703125","32.720001220703125","8.350000381469727","8.350000381469727","8.350000381469727","15.949999809265137","15.949999809265137","15.949999809265137","211.49000549316406","211.49000549316406","211.49000549316406"
"78","14.550000190734863","14.550000190734863","14.550000190734863","32.83000183105469","32.83000183105469","32.83000183105469","8.369999885559082","8.369999885559082","8.369999885559082","15.890000343322754","15.890000343322754","15.890000343322754","224.05999755859375","224.05999755859375","224.05999755859375"
"79","14.529999732971191","14.529999732971191","14.529999732971191","32.95000076293945","32.95000076293945","32.95000076293945","8.399999618530273","8.399999618530273","8.399999618530273","15.859999656677246","15.859999656677246","15.859999656677246","236.4499969482422","236.4499969482422","236.4499969482422"
"80","14.529999732971191","14.529999732971191","14.529999732971191","32.720001220703125","32.720001220703125","32.720001220703125","8.460000038146973","8.460000038146973","8.460000038146973","15.850000381469727","15.850000381469727","15.850000381469727","249.91000366210938","249.91000366210938","249.91000366210938"
"81","14.609999656677246","14.609999656677246","14.609999656677246","32.72999954223633","32.72999954223633","32.72999954223633","8.470000267028809","8.470000267028809","8.470000267028809","15.84000015258789","15.84000015258789","15.84000015258789","264.7300109863281","264.7300109863281","264.7300109863281"
"82","14.680000305175781","14.680000305175781","14.680000305175781","32.619998931884766","32.619998931884766","32.619998931884766","8.449999809265137","8.449999809265137","8.449999809265137","15.819999694824219","15.819999694824219","15.819999694824219","279.239990234375","279.239990234375","279.239990234375"
"83","14.6899995803833","14.6899995803833","14.6899995803833","32.68000030517578","32.68000030517578","32.68000030517578","8.5","8.5","8.5","15.770000457763672","15.770000457763672","15.770000457763672","294.6499938964844","294.6499938964844","294.6499938964844"
"84","14.640000343322754","14.640000343322754","14.640000343322754","32.779998779296875","32.779998779296875","32.779998779296875","8.470000267028809","8.470000267028809","8.470000267028809","15.6899995803833","15.6899995803833","15.6899995803833","306.8900146484375","306.8900146484375","306.8900146484375"
"85","14.630000114440918","14.630000114440918","14.630000114440918","33.08000183105469","33.08000183105469","33.08000183105469","8.479999542236328","8.479999542236328","8.479999542236328","15.65999984741211","15.65999984741211","15.65999984741211","316.7900085449219","316.7900085449219","316.7900085449219"
"86","14.59000015258789","14.59000015258789","14.59000015258789","33.02000045776367","33.02000045776367","33.02000045776367","8.479999542236328","8.479999542236328","8.479999542236328","15.600000381469727","15.600000381469727","15.600000381469727","325.0799865722656","325.0799865722656","325.0799865722656"
"87","14.430000305175781","14.430000305175781","14.430000305175781","33.31999969482422","33.31999969482422","33.31999969482422","8.479999542236328","8.479999542236328","8.479999542236328","15.539999961853027","15.539999961853027","15.539999961853027","331.25","331.25","331.25"
"88","14.34000015258789","14.34000015258789","14.34000015258789","33.459999084472656","33.459999084472656","33.459999084472656","8.510000228881836","8.510000228881836","8.510000228881836","15.460000038146973","15.460000038146973","15.460000038146973","341.3599853515625","341.3599853515625","341.3599853515625"
"89","14.289999961853027","14.289999961853027","14.289999961853027","33.380001068115234","33.380001068115234","33.380001068115234","8.489999771118164","8.489999771118164","8.489999771118164","15.420000076293945","15.420000076293945","15.420000076293945","353.8399963378906","353.8399963378906","353.8399963378906"
"90","14.279999732971191","14.279999732971191","14.279999732971191","33.16999816894531","33.16999816894531","33.16999816894531","8.460000038146973","8.460000038146973","8.460000038146973","15.449999809265137","15.449999809265137","15.449999809265137","367.82000732421875","367.82000732421875","367.82000732421875"
"91","14.359999656677246","14.359999656677246","14.359999656677246","32.9900016784668","32.9900016784668","32.9900016784668","8.420000076293945","8.420000076293945","8.420000076293945","15.390000343322754","15.390000343322754","15.390000343322754","379.4700012207031","379.4700012207031","379.4700012207031"
"92","14.380000114440918","14.380000114440918","14.380000114440918","32.810001373291016","32.810001373291016","32.810001373291016","8.4399995803833","8.4399995803833","8.4399995803833","15.369999885559082","15.369999885559082","15.369999885559082","387.9100036621094","387.9100036621094","387.9100036621094"
"93","14.520000457763672","14.520000457763672","14.520000457763672","32.75","32.75","32.75","8.470000267028809","8.470000267028809","8.470000267028809","15.399999618530273","15.399999618530273","15.399999618530273","397.4599914550781","397.4599914550781","397.4599914550781"
"94","14.529999732971191","14.529999732971191","14.529999732971191","32.72999954223633","32.72999954223633","32.72999954223633","8.470000267028809","8.470000267028809","8.470000267028809","15.380000114440918","15.380000114440918","15.380000114440918","400.3699951171875","400.3699951171875","400.3699951171875"
"95","14.600000381469727","14.600000381469727","14.600000381469727","32.58000183105469","32.58000183105469","32.58000183105469","8.520000457763672","8.520000457763672","8.520000457763672","15.4399995803833","15.4399995803833","15.4399995803833","404.8500061035156","404.8500061035156","404.8500061035156"
"96","14.640000343322754","14.640000343322754","14.640000343322754","32.810001373291016","32.810001373291016","32.810001373291016","8.520000457763672","8.520000457763672","8.520000457763672","15.449999809265137","15.449999809265137","15.449999809265137","408.739990234375","408.739990234375","408.739990234375"
"97","14.699999809265137","14.699999809265137","14.699999809265137","33.349998474121094","33.349998474121094","33.349998474121094","8.520000457763672","8.520000457763672","8.520000457763672","15.449999809265137","15.449999809265137","15.449999809265137","408.04998779296875","408.04998779296875","408.04998779296875"
"98","14.800000190734863","14.800000190734863","14.800000190734863","33.779998779296875","33.779998779296875","33.779998779296875","8.529999732971191","8.529999732971191","8.529999732971191","15.5","15.5","15.5","416.6300048828125","416.6300048828125","416.6300048828125"
"99","14.880000114440918","14.880000114440918","14.880000114440918","33.95000076293945","33.95000076293945","33.95000076293945","8.5","8.5","8.5","15.609999656677246","15.609999656677246","15.609999656677246","423.92999267578125","423.92999267578125","423.92999267578125"
"100","14.989999771118164","14.989999771118164","14.989999771118164","33.9900016784668","33.9900016784668","33.9900016784668","8.489999771118164","8.489999771118164","8.489999771118164","15.6899995803833","15.6899995803833","15.6899995803833","429.9800109863281","429.9800109863281","429.9800109863281"
"101","15.010000228881836","15.010000228881836","15.010000228881836","33.779998779296875","33.779998779296875","33.779998779296875","8.489999771118164","8.489999771118164","8.489999771118164","15.649999618530273","15.649999618530273","15.649999618530273","435.3500061035156","435.3500061035156","435.3500061035156"
"102","14.960000038146973","14.960000038146973","14.960000038146973","33.630001068115234","33.630001068115234","33.630001068115234","8.520000457763672","8.520000457763672","8.520000457763672","15.6899995803833","15.6899995803833","15.6899995803833","440.1499938964844","440.1499938964844","440.1499938964844"
"103","14.890000343322754","14.890000343322754","14.890000343322754","33.72999954223633","33.72999954223633","33.72999954223633","8.5","8.5","8.5","15.609999656677246","15.609999656677246","15.609999656677246","443.3399963378906","443.3399963378906","443.3399963378906"
"104","14.930000305175781","14.930000305175781","14.930000305175781","33.709999084472656","33.709999084472656","33.709999084472656","8.510000228881836","8.510000228881836","8.510000228881836","15.649999618530273","15.649999618530273","15.649999618530273","439.6300048828125","439.6300048828125","439.6300048828125"
"105","14.850000381469727","14.850000381469727","14.850000381469727","33.47999954223633","33.47999954223633","33.47999954223633","8.489999771118164","8.489999771118164","8.489999771118164","15.670000076293945","15.670000076293945","15.670000076293945","437.260009765625","437.260009765625","437.260009765625"
"106","14.699999809265137","14.699999809265137","14.699999809265137","33.54999923706055","33.54999923706055","33.54999923706055","8.5","8.5","8.5","15.65999984741211","15.65999984741211","15.65999984741211","437.5299987792969","437.5299987792969","437.5299987792969"
"107","14.6899995803833","14.6899995803833","14.6899995803833","33.65999984741211","33.65999984741211","33.65999984741211","8.470000267028809","8.470000267028809","8.470000267028809","15.649999618530273","15.649999618530273","15.649999618530273","435.5799865722656","435.5799865722656","435.5799865722656"
"108","14.6899995803833","14.6899995803833","14.6899995803833","33.790000915527344","33.790000915527344","33.790000915527344","8.460000038146973","8.460000038146973","8.460000038146973","15.75","15.75","15.75","434.8800048828125","434.8800048828125","434.8800048828125"
"109","14.739999771118164","14.739999771118164","14.739999771118164","33.91999816894531","33.91999816894531","33.91999816894531","8.470000267028809","8.470000267028809","8.470000267028809","15.899999618530273","15.899999618530273","15.899999618530273","431.7300109863281","431.7300109863281","431.7300109863281"
"110","14.75","14.75","14.75","33.91999816894531","33.91999816894531","33.91999816894531","8.460000038146973","8.460000038146973","8.460000038146973","15.880000114440918","15.880000114440918","15.880000114440918","430.1600036621094","430.1600036621094","430.1600036621094"
"111","14.779999732971191","14.779999732971191","14.779999732971191","34.060001373291016","34.060001373291016","34.060001373291016","8.449999809265137","8.449999809265137","8.449999809265137","15.9399995803833","15.9399995803833","15.9399995803833","429.8900146484375","429.8900146484375","429.8900146484375"
"112","14.829999923706055","14.829999923706055","14.829999923706055","33.939998626708984","33.939998626708984","33.939998626708984","8.449999809265137","8.449999809265137","8.449999809265137","15.930000305175781","15.930000305175781","15.930000305175781","432.510009765625","432.510009765625","432.510009765625"
"113","14.84000015258789","14.84000015258789","14.84000015258789","34.060001373291016","34.060001373291016","34.060001373291016","8.470000267028809","8.470000267028809","8.470000267028809","15.9399995803833","15.9399995803833","15.9399995803833","432.29998779296875","432.29998779296875","432.29998779296875"
"114","14.800000190734863","14.800000190734863","14.800000190734863","34.22999954223633","34.22999954223633","34.22999954223633","8.479999542236328","8.479999542236328","8.479999542236328","15.930000305175781","15.930000305175781","15.930000305175781","430.2200012207031","430.2200012207031","430.2200012207031"
"115","14.760000228881836","14.760000228881836","14.760000228881836","34.349998474121094","34.349998474121094","34.349998474121094","8.479999542236328","8.479999542236328","8.479999542236328","15.960000038146973","15.960000038146973","15.960000038146973","427.5199890136719","427.5199890136719","427.5199890136719"
"116","14.619999885559082","14.619999885559082","14.619999885559082","34.470001220703125","34.470001220703125","34.470001220703125","8.460000038146973","8.460000038146973","8.460000038146973","15.989999771118164","15.989999771118164","15.989999771118164","424.4100036621094","424.4100036621094","424.4100036621094"
"117","14.510000228881836","14.510000228881836","14.510000228881836","34.31999969482422","34.31999969482422","34.31999969482422","8.449999809265137","8.449999809265137","8.449999809265137","15.920000076293945","15.920000076293945","15.920000076293945","423.1600036621094","423.1600036621094","423.1600036621094"
"118","14.479999542236328","14.479999542236328","14.479999542236328","34.34000015258789","34.34000015258789","34.34000015258789","8.4399995803833","8.4399995803833","8.4399995803833","15.869999885559082","15.869999885559082","15.869999885559082","424.1300048828125","424.1300048828125","424.1300048828125"
"119","14.489999771118164","14.489999771118164","14.489999771118164","34.33000183105469","34.33000183105469","34.33000183105469","8.4399995803833","8.4399995803833","8.4399995803833","15.829999923706055","15.829999923706055","15.829999923706055","425.8299865722656","425.8299865722656","425.8299865722656"
"120","14.569999694824219","14.569999694824219","14.569999694824219","34.20000076293945","34.20000076293945","34.20000076293945","8.399999618530273","8.399999618530273","8.399999618530273","15.800000190734863","15.800000190734863","15.800000190734863","428.6700134277344","428.6700134277344","428.6700134277344"
"121","14.529999732971191","14.529999732971191","14.529999732971191","33.970001220703125","33.970001220703125","33.970001220703125","8.369999885559082","8.369999885559082","8.369999885559082","15.75","15.75","15.75","431.57000732421875","431.57000732421875","431.57000732421875"
"122","14.529999732971191","14.529999732971191","14.529999732971191","34.04999923706055","34.04999923706055","34.04999923706055","8.369999885559082","8.369999885559082","8.369999885559082","15.75","15.75","15.75","431.80999755859375","431.80999755859375","431.80999755859375"
"123","14.5","14.5","14.5","34","34","34","8.359999656677246","8.359999656677246","8.359999656677246","15.729999542236328","15.729999542236328","15.729999542236328","431.0799865722656","431.0799865722656","431.0799865722656"
"124","14.5","14.5","14.5","33.84000015258789","33.84000015258789","33.84000015258789","8.359999656677246","8.359999656677246","8.359999656677246","15.729999542236328","15.729999542236328","15.729999542236328","429.69000244140625","429.69000244140625","429.69000244140625"
"125","14.510000228881836","14.510000228881836","14.510000228881836","33.709999084472656","33.709999084472656","33.709999084472656","8.34000015258789","8.34000015258789","8.34000015258789","15.779999732971191","15.779999732971191","15.779999732971191","428.0799865722656","428.0799865722656","428.0799865722656"
"126","14.670000076293945","14.670000076293945","14.670000076293945","33.5","33.5","33.5","8.350000381469727","8.350000381469727","8.350000381469727","15.8100004196167","15.8100004196167","15.8100004196167","426.1099853515625","426.1099853515625","426.1099853515625"
"127","14.779999732971191","14.779999732971191","14.779999732971191","33.31999969482422","33.31999969482422","33.31999969482422","8.350000381469727","8.350000381469727","8.350000381469727","15.880000114440918","15.880000114440918","15.880000114440918","424.0299987792969","424.0299987792969","424.0299987792969"
"128","14.859999656677246","14.859999656677246","14.859999656677246","33.2400016784668","33.2400016784668","33.2400016784668","8.350000381469727","8.350000381469727","8.350000381469727","15.789999961853027","15.789999961853027","15.789999961853027","422.0899963378906","422.0899963378906","422.0899963378906"
"129","14.970000267028809","14.970000267028809","14.970000267028809","33.20000076293945","33.20000076293945","33.20000076293945","8.319999694824219","8.319999694824219","8.319999694824219","15.8100004196167","15.8100004196167","15.8100004196167","421.9100036621094","421.9100036621094","421.9100036621094"
"130","15.079999923706055","15.079999923706055","15.079999923706055","33.2599983215332","33.2599983215332","33.2599983215332","8.319999694824219","8.319999694824219","8.319999694824219","15.739999771118164","15.739999771118164","15.739999771118164","420.3699951171875","420.3699951171875","420.3699951171875"
"131","15.239999771118164","15.239999771118164","15.239999771118164","32.959999084472656","32.959999084472656","32.959999084472656","8.3100004196167","8.3100004196167","8.3100004196167","15.680000305175781","15.680000305175781","15.680000305175781","418.9800109863281","418.9800109863281","418.9800109863281"
"132","15.300000190734863","15.300000190734863","15.300000190734863","32.619998931884766","32.619998931884766","32.619998931884766","8.300000190734863","8.300000190734863","8.300000190734863","15.649999618530273","15.649999618530273","15.649999618530273","420.7799987792969","420.7799987792969","420.7799987792969"
"133","15.300000190734863","15.300000190734863","15.300000190734863","32.43000030517578","32.43000030517578","32.43000030517578","8.300000190734863","8.300000190734863","8.300000190734863","15.489999771118164","15.489999771118164","15.489999771118164","421.8800048828125","421.8800048828125","421.8800048828125"
"134","15.229999542236328","15.229999542236328","15.229999542236328","32.18000030517578","32.18000030517578","32.18000030517578","8.329999923706055","8.329999923706055","8.329999923706055","15.4399995803833","15.4399995803833","15.4399995803833","424.44000244140625","424.44000244140625","424.44000244140625"
"135","15.279999732971191","15.279999732971191","15.279999732971191","31.860000610351562","31.860000610351562","31.860000610351562","8.34000015258789","8.34000015258789","8.34000015258789","15.489999771118164","15.489999771118164","15.489999771118164","429.82000732421875","429.82000732421875","429.82000732421875"
"136","15.279999732971191","15.279999732971191","15.279999732971191","31.959999084472656","31.959999084472656","31.959999084472656","8.350000381469727","8.350000381469727","8.350000381469727","15.569999694824219","15.569999694824219","15.569999694824219","433.760009765625","433.760009765625","433.760009765625"
"137","15.300000190734863","15.300000190734863","15.300000190734863","31.790000915527344","31.790000915527344","31.790000915527344","8.319999694824219","8.319999694824219","8.319999694824219","15.619999885559082","15.619999885559082","15.619999885559082","437.42999267578125","437.42999267578125","437.42999267578125"
"138","15.329999923706055","15.329999923706055","15.329999923706055","31.829999923706055","31.829999923706055","31.829999923706055","8.300000190734863","8.300000190734863","8.300000190734863","15.609999656677246","15.609999656677246","15.609999656677246","440.6499938964844","440.6499938964844","440.6499938964844"
"139","15.359999656677246","15.359999656677246","15.359999656677246","32.13999938964844","32.13999938964844","32.13999938964844","8.300000190734863","8.300000190734863","8.300000190734863","15.569999694824219","15.569999694824219","15.569999694824219","443.2300109863281","443.2300109863281","443.2300109863281"
"140","15.359999656677246","15.359999656677246","15.359999656677246","32.18000030517578","32.18000030517578","32.18000030517578","8.300000190734863","8.300000190734863","8.300000190734863","15.569999694824219","15.569999694824219","15.569999694824219","446","446","446"
"141","15.399999618530273","15.399999618530273","15.399999618530273","32.209999084472656","32.209999084472656","32.209999084472656","8.319999694824219","8.319999694824219","8.319999694824219","15.550000190734863","15.550000190734863","15.550000190734863","449.04998779296875","449.04998779296875","449.04998779296875"
"142","15.399999618530273","15.399999618530273","15.399999618530273","32.65999984741211","32.65999984741211","32.65999984741211","8.329999923706055","8.329999923706055","8.329999923706055","15.579999923706055","15.579999923706055","15.579999923706055","451.6499938964844","451.6499938964844","451.6499938964844"
"143","15.34000015258789","15.34000015258789","15.34000015258789","33.16999816894531","33.16999816894531","33.16999816894531","8.329999923706055","8.329999923706055","8.329999923706055","15.670000076293945","15.670000076293945","15.670000076293945","453.3399963378906","453.3399963378906","453.3399963378906"
"144","15.260000228881836","15.260000228881836","15.260000228881836","33.5099983215332","33.5099983215332","33.5099983215332","8.319999694824219","8.319999694824219","8.319999694824219","15.680000305175781","15.680000305175781","15.680000305175781","453.94000244140625","453.94000244140625","453.94000244140625"
"145","15.279999732971191","15.279999732971191","15.279999732971191","33.599998474121094","33.599998474121094","33.599998474121094","8.319999694824219","8.319999694824219","8.319999694824219","15.760000228881836","15.760000228881836","15.760000228881836","455.45001220703125","455.45001220703125","455.45001220703125"
"146","15.289999961853027","15.289999961853027","15.289999961853027","33.369998931884766","33.369998931884766","33.369998931884766","8.3100004196167","8.3100004196167","8.3100004196167","15.8100004196167","15.8100004196167","15.8100004196167","457.79998779296875","457.79998779296875","457.79998779296875"
"147","15.279999732971191","15.279999732971191","15.279999732971191","33.15999984741211","33.15999984741211","33.15999984741211","8.3100004196167","8.3100004196167","8.3100004196167","15.770000457763672","15.770000457763672","15.770000457763672","460.7300109863281","460.7300109863281","460.7300109863281"
"148","15.319999694824219","15.319999694824219","15.319999694824219","33.29999923706055","33.29999923706055","33.29999923706055","8.34000015258789","8.34000015258789","8.34000015258789","15.779999732971191","15.779999732971191","15.779999732971191","464.5","464.5","464.5"
"149","15.289999961853027","15.289999961853027","15.289999961853027","33.40999984741211","33.40999984741211","33.40999984741211","8.34000015258789","8.34000015258789","8.34000015258789","15.8100004196167","15.8100004196167","15.8100004196167","468.9100036621094","468.9100036621094","468.9100036621094"
"150","15.239999771118164","15.239999771118164","15.239999771118164","33.689998626708984","33.689998626708984","33.689998626708984","8.359999656677246","8.359999656677246","8.359999656677246","15.800000190734863","15.800000190734863","15.800000190734863","473.42999267578125","473.42999267578125","473.42999267578125"
"151","15.130000114440918","15.130000114440918","15.130000114440918","33.81999969482422","33.81999969482422","33.81999969482422","8.329999923706055","8.329999923706055","8.329999923706055","15.75","15.75","15.75","477.3500061035156","477.3500061035156","477.3500061035156"
"152","14.989999771118164","14.989999771118164","14.989999771118164","33.86000061035156","33.86000061035156","33.86000061035156","8.329999923706055","8.329999923706055","8.329999923706055","15.75","15.75","15.75","481.4100036621094","481.4100036621094","481.4100036621094"
"153","14.859999656677246","14.859999656677246","14.859999656677246","33.630001068115234","33.630001068115234","33.630001068115234","8.34000015258789","8.34000015258789","8.34000015258789","15.819999694824219","15.819999694824219","15.819999694824219","485.6000061035156","485.6000061035156","485.6000061035156"
"154","14.779999732971191","14.779999732971191","14.779999732971191","33.83000183105469","33.83000183105469","33.83000183105469","8.34000015258789","8.34000015258789","8.34000015258789","15.8100004196167","15.8100004196167","15.8100004196167","488.94000244140625","488.94000244140625","488.94000244140625"
"155","14.670000076293945","14.670000076293945","14.670000076293945","34.09000015258789","34.09000015258789","34.09000015258789","8.319999694824219","8.319999694824219","8.319999694824219","15.859999656677246","15.859999656677246","15.859999656677246","492.760009765625","492.760009765625","492.760009765625"
"156","14.630000114440918","14.630000114440918","14.630000114440918","34.25","34.25","34.25","8.329999923706055","8.329999923706055","8.329999923706055","15.869999885559082","15.869999885559082","15.869999885559082","495.79998779296875","495.79998779296875","495.79998779296875"
"157","14.630000114440918","14.630000114440918","14.630000114440918","34.41999816894531","34.41999816894531","34.41999816894531","8.350000381469727","8.350000381469727","8.350000381469727","15.920000076293945","15.920000076293945","15.920000076293945","497.5299987792969","497.5299987792969","497.5299987792969"
"158","14.640000343322754","14.640000343322754","14.640000343322754","34.529998779296875","34.529998779296875","34.529998779296875","8.34000015258789","8.34000015258789","8.34000015258789","15.960000038146973","15.960000038146973","15.960000038146973","499.2200012207031","499.2200012207031","499.2200012207031"
"159","14.65999984741211","14.65999984741211","14.65999984741211","34.45000076293945","34.45000076293945","34.45000076293945","8.359999656677246","8.359999656677246","8.359999656677246","15.960000038146973","15.960000038146973","15.960000038146973","499.6400146484375","499.6400146484375","499.6400146484375"
"160","14.600000381469727","14.600000381469727","14.600000381469727","34.47999954223633","34.47999954223633","34.47999954223633","8.350000381469727","8.350000381469727","8.350000381469727","15.899999618530273","15.899999618530273","15.899999618530273","499.6400146484375","499.6400146484375","499.6400146484375"
"161","14.5600004196167","14.5600004196167","14.5600004196167","34.36000061035156","34.36000061035156","34.36000061035156","8.350000381469727","8.350000381469727","8.350000381469727","15.789999961853027","15.789999961853027","15.789999961853027","499.6400146484375","499.6400146484375","499.6400146484375"
"162","14.550000190734863","14.550000190734863","14.550000190734863","34.29999923706055","34.29999923706055","34.29999923706055","8.319999694824219","8.319999694824219","8.319999694824219","15.789999961853027","15.789999961853027","15.789999961853027","499.6400146484375","499.6400146484375","499.6400146484375"
"163","14.640000343322754","14.640000343322754","14.640000343322754","34.150001525878906","34.150001525878906","34.150001525878906","8.34000015258789","8.34000015258789","8.34000015258789","15.819999694824219","15.819999694824219","15.819999694824219","499.7799987792969","499.7799987792969","499.7799987792969"
"164","14.670000076293945","14.670000076293945","14.670000076293945","33.9900016784668","33.9900016784668","33.9900016784668","8.350000381469727","8.350000381469727","8.350000381469727","15.869999885559082","15.869999885559082","15.869999885559082","499.6099853515625","499.6099853515625","499.6099853515625"
"165","14.720000267028809","14.720000267028809","14.720000267028809","34.130001068115234","34.130001068115234","34.130001068115234","8.319999694824219","8.319999694824219","8.319999694824219","15.869999885559082","15.869999885559082","15.869999885559082","497.2900085449219","497.2900085449219","497.2900085449219"
"166","14.670000076293945","14.670000076293945","14.670000076293945","33.939998626708984","33.939998626708984","33.939998626708984","8.279999732971191","8.279999732971191","8.279999732971191","15.869999885559082","15.869999885559082","15.869999885559082","494.0899963378906","494.0899963378906","494.0899963378906"
"167","14.710000038146973","14.710000038146973","14.710000038146973","33.529998779296875","33.529998779296875","33.529998779296875","8.319999694824219","8.319999694824219","8.319999694824219","15.800000190734863","15.800000190734863","15.800000190734863","491.55999755859375","491.55999755859375","491.55999755859375"
"168","14.710000038146973","14.710000038146973","14.710000038146973","33.18000030517578","33.18000030517578","33.18000030517578","8.289999961853027","8.289999961853027","8.289999961853027","15.8100004196167","15.8100004196167","15.8100004196167","491","491","491"
"169","14.770000457763672","14.770000457763672","14.770000457763672","33.15999984741211","33.15999984741211","33.15999984741211","8.3100004196167","8.3100004196167","8.3100004196167","15.789999961853027","15.789999961853027","15.789999961853027","491","491","491"
"170","14.75","14.75","14.75","33.11000061035156","33.11000061035156","33.11000061035156","8.3100004196167","8.3100004196167","8.3100004196167","15.729999542236328","15.729999542236328","15.729999542236328","488.7699890136719","488.7699890136719","488.7699890136719"
"171","14.720000267028809","14.720000267028809","14.720000267028809","33.66999816894531","33.66999816894531","33.66999816894531","8.319999694824219","8.319999694824219","8.319999694824219","15.75","15.75","15.75","487.42999267578125","487.42999267578125","487.42999267578125"
"172","14.630000114440918","14.630000114440918","14.630000114440918","33.93000030517578","33.93000030517578","33.93000030517578","8.319999694824219","8.319999694824219","8.319999694824219","15.729999542236328","15.729999542236328","15.729999542236328","484.6300048828125","484.6300048828125","484.6300048828125"
"173","14.630000114440918","14.630000114440918","14.630000114440918","34.189998626708984","34.189998626708984","34.189998626708984","8.319999694824219","8.319999694824219","8.319999694824219","15.649999618530273","15.649999618530273","15.649999618530273","482.239990234375","482.239990234375","482.239990234375"
"174","14.649999618530273","14.649999618530273","14.649999618530273","34.25","34.25","34.25","8.289999961853027","8.289999961853027","8.289999961853027","15.680000305175781","15.680000305175781","15.680000305175781","481.010009765625","481.010009765625","481.010009765625"
"175","14.65999984741211","14.65999984741211","14.65999984741211","34.20000076293945","34.20000076293945","34.20000076293945","8.289999961853027","8.289999961853027","8.289999961853027","15.6899995803833","15.6899995803833","15.6899995803833","480.2799987792969","480.2799987792969","480.2799987792969"
"176","14.680000305175781","14.680000305175781","14.680000305175781","34.150001525878906","34.150001525878906","34.150001525878906","8.279999732971191","8.279999732971191","8.279999732971191","15.710000038146973","15.710000038146973","15.710000038146973","480.2799987792969","480.2799987792969","480.2799987792969"
"177","14.699999809265137","14.699999809265137","14.699999809265137","34.279998779296875","34.279998779296875","34.279998779296875","8.300000190734863","8.300000190734863","8.300000190734863","15.630000114440918","15.630000114440918","15.630000114440918","479.8500061035156","479.8500061035156","479.8500061035156"
"178","14.680000305175781","14.680000305175781","14.680000305175781","34.22999954223633","34.22999954223633","34.22999954223633","8.3100004196167","8.3100004196167","8.3100004196167","15.649999618530273","15.649999618530273","15.649999618530273","479.8500061035156","479.8500061035156","479.8500061035156"
"179","14.710000038146973","14.710000038146973","14.710000038146973","34.029998779296875","34.029998779296875","34.029998779296875","8.319999694824219","8.319999694824219","8.319999694824219","15.649999618530273","15.649999618530273","15.649999618530273","479.8500061035156","479.8500061035156","479.8500061035156"
"180","14.6899995803833","14.6899995803833","14.6899995803833","33.68000030517578","33.68000030517578","33.68000030517578","8.319999694824219","8.319999694824219","8.319999694824219","15.630000114440918","15.630000114440918","15.630000114440918","479.8299865722656","479.8299865722656","479.8299865722656"
"181","14.680000305175781","14.680000305175781","14.680000305175781","33.47999954223633","33.47999954223633","33.47999954223633","8.3100004196167","8.3100004196167","8.3100004196167","15.59000015258789","15.59000015258789","15.59000015258789","479.3599853515625","479.3599853515625","479.3599853515625"
"182","14.619999885559082","14.619999885559082","14.619999885559082","33.13999938964844","33.13999938964844","33.13999938964844","8.3100004196167","8.3100004196167","8.3100004196167","15.569999694824219","15.569999694824219","15.569999694824219","479.3599853515625","479.3599853515625","479.3599853515625"
"183","14.579999923706055","14.579999923706055","14.579999923706055","33.220001220703125","33.220001220703125","33.220001220703125","8.3100004196167","8.3100004196167","8.3100004196167","15.579999923706055","15.579999923706055","15.579999923706055","479.2200012207031","479.2200012207031","479.2200012207031"
"184","14.510000228881836","14.510000228881836","14.510000228881836","33.060001373291016","33.060001373291016","33.060001373291016","8.319999694824219","8.319999694824219","8.319999694824219","15.569999694824219","15.569999694824219","15.569999694824219","477.6199951171875","477.6199951171875","477.6199951171875"
"185","14.5","14.5","14.5","33.040000915527344","33.040000915527344","33.040000915527344","8.300000190734863","8.300000190734863","8.300000190734863","15.630000114440918","15.630000114440918","15.630000114440918","474.32000732421875","474.32000732421875","474.32000732421875"
"186","14.510000228881836","14.510000228881836","14.510000228881836","33.060001373291016","33.060001373291016","33.060001373291016","8.319999694824219","8.319999694824219","8.319999694824219","15.640000343322754","15.640000343322754","15.640000343322754","472.7099914550781","472.7099914550781","472.7099914550781"
"187","14.380000114440918","14.380000114440918","14.380000114440918","33.08000183105469","33.08000183105469","33.08000183105469","8.300000190734863","8.300000190734863","8.300000190734863","15.65999984741211","15.65999984741211","15.65999984741211","466.9599914550781","466.9599914550781","466.9599914550781"
"188","14.270000457763672","14.270000457763672","14.270000457763672","33.0099983215332","33.0099983215332","33.0099983215332","8.279999732971191","8.279999732971191","8.279999732971191","15.600000381469727","15.600000381469727","15.600000381469727","464.7699890136719","464.7699890136719","464.7699890136719"
"189","14.170000076293945","14.170000076293945","14.170000076293945","32.95000076293945","32.95000076293945","32.95000076293945","8.279999732971191","8.279999732971191","8.279999732971191","15.640000343322754","15.640000343322754","15.640000343322754","464.55999755859375","464.55999755859375","464.55999755859375"
"190","14.15999984741211","14.15999984741211","14.15999984741211","32.880001068115234","32.880001068115234","32.880001068115234","8.34000015258789","8.34000015258789","8.34000015258789","15.630000114440918","15.630000114440918","15.630000114440918","465.8399963378906","465.8399963378906","465.8399963378906"
"191","14.130000114440918","14.130000114440918","14.130000114440918","32.790000915527344","32.790000915527344","32.790000915527344","8.3100004196167","8.3100004196167","8.3100004196167","15.600000381469727","15.600000381469727","15.600000381469727","467.7200012207031","467.7200012207031","467.7200012207031"
"192","14.149999618530273","14.149999618530273","14.149999618530273","32.810001373291016","32.810001373291016","32.810001373291016","8.329999923706055","8.329999923706055","8.329999923706055","15.609999656677246","15.609999656677246","15.609999656677246","468.92999267578125","468.92999267578125","468.92999267578125"
"193","14.149999618530273","14.149999618530273","14.149999618530273","32.63999938964844","32.63999938964844","32.63999938964844","8.329999923706055","8.329999923706055","8.329999923706055","15.59000015258789","15.59000015258789","15.59000015258789","468.0299987792969","468.0299987792969","468.0299987792969"
"194","14.100000381469727","14.100000381469727","14.100000381469727","32.5","32.5","32.5","8.390000343322754","8.390000343322754","8.390000343322754","15.640000343322754","15.640000343322754","15.640000343322754","465.1499938964844","465.1499938964844","465.1499938964844"
"195","14.100000381469727","14.100000381469727","14.100000381469727","32.2599983215332","32.2599983215332","32.2599983215332","8.390000343322754","8.390000343322754","8.390000343322754","15.630000114440918","15.630000114440918","15.630000114440918","463.17999267578125","463.17999267578125","463.17999267578125"
"196","14.130000114440918","14.130000114440918","14.130000114440918","31.770000457763672","31.770000457763672","31.770000457763672","8.390000343322754","8.390000343322754","8.390000343322754","15.640000343322754","15.640000343322754","15.640000343322754","464.3900146484375","464.3900146484375","464.3900146484375"
"197","14.170000076293945","14.170000076293945","14.170000076293945","31.18000030517578","31.18000030517578","31.18000030517578","8.399999618530273","8.399999618530273","8.399999618530273","15.59000015258789","15.59000015258789","15.59000015258789","468.1099853515625","468.1099853515625","468.1099853515625"
"198","14.199999809265137","14.199999809265137","14.199999809265137","30.860000610351562","30.860000610351562","30.860000610351562","8.390000343322754","8.390000343322754","8.390000343322754","15.5600004196167","15.5600004196167","15.5600004196167","467.1000061035156","467.1000061035156","467.1000061035156"
"199","14.180000305175781","14.180000305175781","14.180000305175781","30.760000228881836","30.760000228881836","30.760000228881836","8.430000305175781","8.430000305175781","8.430000305175781","15.579999923706055","15.579999923706055","15.579999923706055","468.2200012207031","468.2200012207031","468.2200012207031"
"200","14.170000076293945","14.170000076293945","14.170000076293945","30.889999389648438","30.889999389648438","30.889999389648438","8.399999618530273","8.399999618530273","8.399999618530273","15.59000015258789","15.59000015258789","15.59000015258789","468.2200012207031","468.2200012207031","468.2200012207031"
"201","14.220000267028809","14.220000267028809","14.220000267028809","30.649999618530273","30.649999618530273","30.649999618530273","8.399999618530273","8.399999618530273","8.399999618530273","15.59000015258789","15.59000015258789","15.59000015258789","464.6300048828125","464.6300048828125","464.6300048828125"
"202","14.289999961853027","14.289999961853027","14.289999961853027","30.459999084472656","30.459999084472656","30.459999084472656","8.390000343322754","8.390000343322754","8.390000343322754","15.539999961853027","15.539999961853027","15.539999961853027","464.489990234375","464.489990234375","464.489990234375"
"203","14.329999923706055","14.329999923706055","14.329999923706055","30.5","30.5","30.5","8.399999618530273","8.399999618530273","8.399999618530273","15.600000381469727","15.600000381469727","15.600000381469727","464.489990234375","464.489990234375","464.489990234375"
"204","14.34000015258789","14.34000015258789","14.34000015258789","31","31","31","8.380000114440918","8.380000114440918","8.380000114440918","15.579999923706055","15.579999923706055","15.579999923706055","464.510009765625","464.510009765625","464.510009765625"
"205","14.380000114440918","14.380000114440918","14.380000114440918","31.43000030517578","31.43000030517578","31.43000030517578","8.40999984741211","8.40999984741211","8.40999984741211","15.670000076293945","15.670000076293945","15.670000076293945","464.510009765625","464.510009765625","464.510009765625"
"206","14.40999984741211","14.40999984741211","14.40999984741211","31.670000076293945","31.670000076293945","31.670000076293945","8.399999618530273","8.399999618530273","8.399999618530273","15.720000267028809","15.720000267028809","15.720000267028809","464.9800109863281","464.9800109863281","464.9800109863281"
"207","14.479999542236328","14.479999542236328","14.479999542236328","32.09000015258789","32.09000015258789","32.09000015258789","8.369999885559082","8.369999885559082","8.369999885559082","15.729999542236328","15.729999542236328","15.729999542236328","465.1199951171875","465.1199951171875","465.1199951171875"
"208","14.470000267028809","14.470000267028809","14.470000267028809","32.130001068115234","32.130001068115234","32.130001068115234","8.399999618530273","8.399999618530273","8.399999618530273","15.670000076293945","15.670000076293945","15.670000076293945","465.8900146484375","465.8900146484375","465.8900146484375"
"209","14.520000457763672","14.520000457763672","14.520000457763672","32.349998474121094","32.349998474121094","32.349998474121094","8.520000457763672","8.520000457763672","8.520000457763672","15.630000114440918","15.630000114440918","15.630000114440918","469.8500061035156","469.8500061035156","469.8500061035156"
"210","14.470000267028809","14.470000267028809","14.470000267028809","32.36000061035156","32.36000061035156","32.36000061035156","8.529999732971191","8.529999732971191","8.529999732971191","15.5600004196167","15.5600004196167","15.5600004196167","471.260009765625","471.260009765625","471.260009765625"
"211","14.449999809265137","14.449999809265137","14.449999809265137","32.459999084472656","32.459999084472656","32.459999084472656","8.600000381469727","8.600000381469727","8.600000381469727","15.539999961853027","15.539999961853027","15.539999961853027","474.7900085449219","474.7900085449219","474.7900085449219"
"212","14.40999984741211","14.40999984741211","14.40999984741211","32.540000915527344","32.540000915527344","32.540000915527344","8.600000381469727","8.600000381469727","8.600000381469727","15.5600004196167","15.5600004196167","15.5600004196167","477.5199890136719","477.5199890136719","477.5199890136719"
"213","14.420000076293945","14.420000076293945","14.420000076293945","32.689998626708984","32.689998626708984","32.689998626708984","8.630000114440918","8.630000114440918","8.630000114440918","15.579999923706055","15.579999923706055","15.579999923706055","480.5799865722656","480.5799865722656","480.5799865722656"
"214","14.449999809265137","14.449999809265137","14.449999809265137","33.11000061035156","33.11000061035156","33.11000061035156","8.609999656677246","8.609999656677246","8.609999656677246","15.569999694824219","15.569999694824219","15.569999694824219","482.1600036621094","482.1600036621094","482.1600036621094"
"215","14.5","14.5","14.5","32.90999984741211","32.90999984741211","32.90999984741211","8.619999885559082","8.619999885559082","8.619999885559082","15.600000381469727","15.600000381469727","15.600000381469727","483.5799865722656","483.5799865722656","483.5799865722656"
"216","14.470000267028809","14.470000267028809","14.470000267028809","32.93000030517578","32.93000030517578","32.93000030517578","8.640000343322754","8.640000343322754","8.640000343322754","15.579999923706055","15.579999923706055","15.579999923706055","483.1099853515625","483.1099853515625","483.1099853515625"
"217","14.489999771118164","14.489999771118164","14.489999771118164","32.9900016784668","32.9900016784668","32.9900016784668","8.65999984741211","8.65999984741211","8.65999984741211","15.59000015258789","15.59000015258789","15.59000015258789","484.1600036621094","484.1600036621094","484.1600036621094"
"218","14.539999961853027","14.539999961853027","14.539999961853027","33.130001068115234","33.130001068115234","33.130001068115234","8.649999618530273","8.649999618530273","8.649999618530273","15.510000228881836","15.510000228881836","15.510000228881836","488.510009765625","488.510009765625","488.510009765625"
"219","14.529999732971191","14.529999732971191","14.529999732971191","33.11000061035156","33.11000061035156","33.11000061035156","8.579999923706055","8.579999923706055","8.579999923706055","15.460000038146973","15.460000038146973","15.460000038146973","490.9100036621094","490.9100036621094","490.9100036621094"
"220","14.520000457763672","14.520000457763672","14.520000457763672","33.06999969482422","33.06999969482422","33.06999969482422","8.59000015258789","8.59000015258789","8.59000015258789","15.449999809265137","15.449999809265137","15.449999809265137","492.3299865722656","492.3299865722656","492.3299865722656"
"221","14.529999732971191","14.529999732971191","14.529999732971191","33.04999923706055","33.04999923706055","33.04999923706055","8.630000114440918","8.630000114440918","8.630000114440918","15.550000190734863","15.550000190734863","15.550000190734863","491.760009765625","491.760009765625","491.760009765625"
"222","14.449999809265137","14.449999809265137","14.449999809265137","33.15999984741211","33.15999984741211","33.15999984741211","8.630000114440918","8.630000114440918","8.630000114440918","15.520000457763672","15.520000457763672","15.520000457763672","491.3900146484375","491.3900146484375","491.3900146484375"
"223","14.4399995803833","14.4399995803833","14.4399995803833","33.22999954223633","33.22999954223633","33.22999954223633","8.600000381469727","8.600000381469727","8.600000381469727","15.5","15.5","15.5","491.8800048828125","491.8800048828125","491.8800048828125"
"224","14.430000305175781","14.430000305175781","14.430000305175781","33.150001525878906","33.150001525878906","33.150001525878906","8.600000381469727","8.600000381469727","8.600000381469727","15.460000038146973","15.460000038146973","15.460000038146973","491.8800048828125","491.8800048828125","491.8800048828125"
"225","14.40999984741211","14.40999984741211","14.40999984741211","33.189998626708984","33.189998626708984","33.189998626708984","8.59000015258789","8.59000015258789","8.59000015258789","15.430000305175781","15.430000305175781","15.430000305175781","495.69000244140625","495.69000244140625","495.69000244140625"
"226","14.399999618530273","14.399999618530273","14.399999618530273","33.25","33.25","33.25","8.59000015258789","8.59000015258789","8.59000015258789","15.489999771118164","15.489999771118164","15.489999771118164","495.5299987792969","495.5299987792969","495.5299987792969"
"227","14.420000076293945","14.420000076293945","14.420000076293945","33.34000015258789","33.34000015258789","33.34000015258789","8.59000015258789","8.59000015258789","8.59000015258789","15.550000190734863","15.550000190734863","15.550000190734863","495.5299987792969","495.5299987792969","495.5299987792969"
"228","14.390000343322754","14.390000343322754","14.390000343322754","33.290000915527344","33.290000915527344","33.290000915527344","8.569999694824219","8.569999694824219","8.569999694824219","15.539999961853027","15.539999961853027","15.539999961853027","495.4800109863281","495.4800109863281","495.4800109863281"
"229","14.40999984741211","14.40999984741211","14.40999984741211","32.959999084472656","32.959999084472656","32.959999084472656","8.579999923706055","8.579999923706055","8.579999923706055","15.550000190734863","15.550000190734863","15.550000190734863","495.4800109863281","495.4800109863281","495.4800109863281"
"230","14.399999618530273","14.399999618530273","14.399999618530273","33.18000030517578","33.18000030517578","33.18000030517578","8.579999923706055","8.579999923706055","8.579999923706055","15.5","15.5","15.5","494.8699951171875","494.8699951171875","494.8699951171875"
"231","14.34000015258789","14.34000015258789","14.34000015258789","33.09000015258789","33.09000015258789","33.09000015258789","8.630000114440918","8.630000114440918","8.630000114440918","15.449999809265137","15.449999809265137","15.449999809265137","494.17999267578125","494.17999267578125","494.17999267578125"
"232","14.369999885559082","14.369999885559082","14.369999885559082","33.16999816894531","33.16999816894531","33.16999816894531","8.630000114440918","8.630000114440918","8.630000114440918","15.510000228881836","15.510000228881836","15.510000228881836","494.17999267578125","494.17999267578125","494.17999267578125"
"233","14.350000381469727","14.350000381469727","14.350000381469727","33.0099983215332","33.0099983215332","33.0099983215332","8.579999923706055","8.579999923706055","8.579999923706055","15.579999923706055","15.579999923706055","15.579999923706055","493.6000061035156","493.6000061035156","493.6000061035156"
"234","14.40999984741211","14.40999984741211","14.40999984741211","32.709999084472656","32.709999084472656","32.709999084472656","8.510000228881836","8.510000228881836","8.510000228881836","15.600000381469727","15.600000381469727","15.600000381469727","492.510009765625","492.510009765625","492.510009765625"
"235","14.529999732971191","14.529999732971191","14.529999732971191","32.720001220703125","32.720001220703125","32.720001220703125","8.520000457763672","8.520000457763672","8.520000457763672","15.630000114440918","15.630000114440918","15.630000114440918","488.3800048828125","488.3800048828125","488.3800048828125"
"236","14.609999656677246","14.609999656677246","14.609999656677246","32.2599983215332","32.2599983215332","32.2599983215332","8.470000267028809","8.470000267028809","8.470000267028809","15.609999656677246","15.609999656677246","15.609999656677246","484.4100036621094","484.4100036621094","484.4100036621094"
"237","14.779999732971191","14.779999732971191","14.779999732971191","32.0099983215332","32.0099983215332","32.0099983215332","8.420000076293945","8.420000076293945","8.420000076293945","15.529999732971191","15.529999732971191","15.529999732971191","481.9100036621094","481.9100036621094","481.9100036621094"
"238","14.949999809265137","14.949999809265137","14.949999809265137","31.56999969482422","31.56999969482422","31.56999969482422","8.40999984741211","8.40999984741211","8.40999984741211","15.550000190734863","15.550000190734863","15.550000190734863","480.0400085449219","480.0400085449219","480.0400085449219"
"239","15.180000305175781","15.180000305175781","15.180000305175781","31.149999618530273","31.149999618530273","31.149999618530273","8.390000343322754","8.390000343322754","8.390000343322754","15.529999732971191","15.529999732971191","15.529999732971191","479.29998779296875","479.29998779296875","479.29998779296875"
"240","15.210000038146973","15.210000038146973","15.210000038146973","31.450000762939453","31.450000762939453","31.450000762939453","8.380000114440918","8.380000114440918","8.380000114440918","15.579999923706055","15.579999923706055","15.579999923706055","479.7699890136719","479.7699890136719","479.7699890136719"
"241","15.109999656677246","15.109999656677246","15.109999656677246","31.200000762939453","31.200000762939453","31.200000762939453","8.390000343322754","8.390000343322754","8.390000343322754","15.59000015258789","15.59000015258789","15.59000015258789","479.7699890136719","479.7699890136719","479.7699890136719"
"242","14.970000267028809","14.970000267028809","14.970000267028809","31.15999984741211","31.15999984741211","31.15999984741211","8.369999885559082","8.369999885559082","8.369999885559082","15.640000343322754","15.640000343322754","15.640000343322754","479.7699890136719","479.7699890136719","479.7699890136719"
"243","14.779999732971191","14.779999732971191","14.779999732971191","31.100000381469727","31.100000381469727","31.100000381469727","8.399999618530273","8.399999618530273","8.399999618530273","15.640000343322754","15.640000343322754","15.640000343322754","479.8399963378906","479.8399963378906","479.8399963378906"
"244","14.75","14.75","14.75","30.84000015258789","30.84000015258789","30.84000015258789","8.40999984741211","8.40999984741211","8.40999984741211","15.640000343322754","15.640000343322754","15.640000343322754","479.9800109863281","479.9800109863281","479.9800109863281"